{
    "position": {
        "x": 0,
        "y": 149.60e9
    },
    "velocity": {
        "x": 29784.479866494952,
        "y": 0.0
    },
    "mass": {
        "mass": 5.97217e24
    } 
}