{
    "position": {
        "x": 0,
        "y": 227.92e9
    },
    "velocity": {
        "x": 24130.40432644108,
        "y": 0.0
    },
    "mass": {
        "mass": 0.64171e24
    } 
}