{
    "position": {
        "x": 0,
        "y": 57.91e9
    },
    "velocity": {
        "x": 47871.72032268187,
        "y": 0.0
    },
    "mass": {
        "mass": 0.33011e24
    } 
}